{
  "PerVoxelInfo": [
    {
      "Name": "UNDEFINED",
      "Solid": false,
      "Mass": 0.000000,
      "Threshold Energy": 100000.000000,
      "Reaction Energy": 0.000000,
      "Hydrogen": 0,
      "Carbon": 0,
      "Metals": 0,
      "Rare Earth Elements": 0,
      "Semiconductors": 0,
      "Heisenbergium": 0,
      "Texture Resolution": 1,
      "Colors": 0,
      "Texture": 0
    },
    {
      "Name": "Water",
      "Solid": true,
      "Mass": 1.000000,
      "Threshold Energy": 334000.000000,
      "Reaction Energy": 0.000000,
      "Hydrogen": 10,
      "Carbon": 0,
      "Metals": 0,
      "Rare Earth Elements": 0,
      "Semiconductors": 0,
      "Heisenbergium": 0,
      "Texture Resolution": 8,
      "Colors": [0, 2262616873],
      "Texture": [0, 0, 0, 0, 0, 0, 0, 0, 0, 0, 0, 0, 0, 0, 0, 0, 0, 0, 0, 1, 1, 0, 0, 0, 0, 0, 1, 1, 1, 1, 0, 0, 0, 0, 1, 1, 1, 1, 0, 0, 0, 0, 0, 1, 1, 0, 0, 0, 0, 0, 0, 0, 0, 0, 0, 0, 0, 0, 0, 0, 0, 0, 0, 0, 0, 0, 0, 0, 0, 0, 0, 0, 0, 0, 0, 1, 1, 0, 0, 0, 0, 0, 1, 1, 1, 1, 0, 0, 0, 1, 1, 1, 1, 1, 1, 0, 0, 1, 1, 1, 1, 1, 1, 0, 0, 0, 1, 1, 1, 1, 0, 0, 0, 0, 0, 1, 1, 0, 0, 0, 0, 0, 0, 0, 0, 0, 0, 0, 0, 0, 0, 1, 1, 0, 0, 0, 0, 1, 1, 1, 1, 1, 1, 0, 0, 1, 1, 1, 1, 1, 1, 0, 1, 1, 1, 1, 1, 1, 1, 1, 1, 1, 1, 1, 1, 1, 1, 1, 0, 1, 1, 1, 1, 1, 1, 0, 0, 1, 1, 1, 1, 1, 1, 0, 0, 0, 0, 1, 1, 0, 0, 0, 0, 0, 1, 1, 1, 1, 0, 0, 0, 1, 1, 1, 1, 1, 1, 0, 1, 1, 1, 1, 1, 1, 1, 1, 1, 1, 1, 1, 1, 1, 1, 1, 1, 1, 1, 1, 1, 1, 1, 1, 1, 1, 1, 1, 1, 1, 1, 1, 0, 1, 1, 1, 1, 1, 1, 0, 0, 0, 1, 1, 1, 1, 0, 0, 0, 0, 1, 1, 1, 1, 0, 0, 0, 1, 1, 1, 1, 1, 1, 0, 1, 1, 1, 1, 1, 1, 1, 1, 1, 1, 1, 1, 1, 1, 1, 1, 1, 1, 1, 1, 1, 1, 1, 1, 1, 1, 1, 1, 1, 1, 1, 1, 0, 1, 1, 1, 1, 1, 1, 0, 0, 0, 1, 1, 1, 1, 0, 0, 0, 0, 0, 1, 1, 0, 0, 0, 0, 1, 1, 1, 1, 1, 1, 0, 0, 1, 1, 1, 1, 1, 1, 0, 1, 1, 1, 1, 1, 1, 1, 1, 1, 1, 1, 1, 1, 1, 1, 1, 0, 1, 1, 1, 1, 1, 1, 0, 0, 1, 1, 1, 1, 1, 1, 0, 0, 0, 0, 1, 1, 0, 0, 0, 0, 0, 0, 0, 0, 0, 0, 0, 0, 0, 0, 1, 1, 0, 0, 0, 0, 0, 1, 1, 1, 1, 0, 0, 0, 1, 1, 1, 1, 1, 1, 0, 0, 1, 1, 1, 1, 1, 1, 0, 0, 0, 1, 1, 1, 1, 0, 0, 0, 0, 0, 1, 1, 0, 0, 0, 0, 0, 0, 0, 0, 0, 0, 0, 0, 0, 0, 0, 0, 0, 0, 0, 0, 0, 0, 0, 0, 0, 0, 0, 0, 0, 0, 1, 1, 0, 0, 0, 0, 0, 1, 1, 1, 1, 0, 0, 0, 0, 1, 1, 1, 1, 0, 0, 0, 0, 0, 1, 1, 0, 0, 0, 0, 0, 0, 0, 0, 0, 0, 0, 0, 0, 0, 0, 0, 0, 0, 0],
      "Border Texture": [1, 1, 1, 1, 1, 1, 1, 1, 1, 1, 1, 1, 1, 1, 1, 1, 1, 1, 1, 1, 1, 1, 1, 1, 1, 1, 1, 1, 1, 1, 1, 1, 1, 1, 1, 1, 1, 1, 1, 1, 1, 1, 1, 1, 1, 1, 1, 1, 1, 1, 1, 1, 1, 1, 1, 1, 1, 1, 1, 1, 1, 1, 1, 1, 1, 1, 1, 1, 1, 1, 1, 1, 1, 1, 1, 1, 1, 1, 1, 1, 1, 1, 1, 1, 1, 1, 1, 1, 1, 1, 1, 1, 1, 1, 1, 1, 1, 1, 1, 1, 1, 1, 1, 1, 1, 1, 1, 1, 1, 1, 1, 1, 1, 1, 1, 1, 1, 1, 1, 1, 1, 1, 1, 1, 1, 1, 1, 1, 0, 1, 1, 1, 1, 1, 1, 0, 1, 1, 1, 1, 1, 1, 1, 1, 1, 1, 1, 1, 1, 1, 1, 1, 1, 1, 1, 1, 1, 1, 1, 1, 1, 1, 1, 1, 1, 1, 1, 1, 1, 1, 1, 1, 1, 1, 1, 1, 1, 1, 1, 1, 1, 1, 1, 1, 0, 1, 1, 1, 1, 1, 1, 0, 0, 0, 0, 0, 0, 0, 0, 0, 0, 0, 0, 0, 0, 0, 0, 0, 0, 0, 0, 0, 0, 0, 0, 0, 0, 0, 0, 0, 0, 0, 0, 0, 0, 0, 0, 0, 0, 0, 0, 0, 0, 0, 0, 0, 0, 0, 0, 0, 0, 0, 0, 0, 0, 0, 0, 0, 0, 0, 0, 0, 0, 0, 0, 0, 0, 0, 0, 0, 0, 0, 0, 0, 0, 0, 0, 0, 0, 0, 0, 0, 0, 0, 0, 0, 0, 0, 0, 0, 0, 0, 0, 0, 0, 0, 0, 0, 0, 0, 0, 0, 0, 0, 0, 0, 0, 0, 0, 0, 0, 0, 0, 0, 0, 0, 0, 0, 0, 0, 0, 0, 0, 0, 0, 0, 0, 0, 0, 0, 0, 0, 0, 0, 0, 0, 0, 0, 0, 0, 0, 0, 0, 0, 0, 0, 0, 0, 0, 0, 0, 0, 0, 0, 0, 0, 0, 0, 0, 0, 0, 0, 0, 0, 0, 0, 0, 0, 0, 0, 0, 0, 0, 0, 0, 0, 0, 0, 0, 0, 0, 0, 0, 0, 0, 0, 0, 0, 0, 0, 0, 0, 0, 0, 0, 0, 0, 0, 0, 0, 0, 0, 0, 0, 0, 0, 0, 0, 0, 0, 0, 0, 0, 0, 0, 0, 0, 0, 0, 0, 0, 0, 0, 0, 0, 0, 0, 0, 0, 0, 0, 0, 0, 0, 0, 0, 0, 0, 0, 0, 0, 0, 0, 0, 0, 0, 0, 0, 0, 0, 0, 0, 0, 0, 0, 0, 0, 0, 0, 0, 0, 0, 0, 0, 0, 0, 0, 0, 0, 0, 0, 0, 0, 0, 0, 0, 0, 0, 0, 0, 0, 0, 0, 0, 0, 0, 0, 0, 0, 0, 0, 0, 0, 0, 0, 0, 0, 0, 0, 0, 0, 0, 0, 0, 0, 0, 0, 0, 0, 0, 0, 0, 0, 0, 0, 0, 0, 0, 0, 0, 0, 0]
    },
    {
      "Name": "Computer",
      "Solid": true,
      "Mass": 6.000000,
      "Threshold Energy": 50000.000000,
      "Reaction Energy": 0.000000,
      "Hydrogen": 0,
      "Carbon": 2,
      "Metals": 4,
      "Rare Earth Elements": 3,
      "Semiconductors": 5,
      "Heisenbergium": 0,
      "Texture Resolution": 1,
      "Colors": 129761535,
      "Texture": 0,
      "Border Texture": 0
    },
    {
      "Name": "Stone",
      "Solid": true,
      "Mass": 2.300000,
      "Threshold Energy": 460000.000000,
      "Reaction Energy": 80000.000000,
      "Hydrogen": 1,
      "Carbon": 1,
      "Metals": 3,
      "Rare Earth Elements": 0,
      "Semiconductors": 5,
      "Heisenbergium": 0,
      "Texture Resolution": 8,
      "Colors": [0, 129775384, 129762866, 129762871, 129762876, 129762881, 129762886, 129762921],
      "Texture": [0, 0, 0, 6, 5, 1, 0, 0, 6, 0, 6, 6, 7, 2, 6, 5, 6, 6, 3, 0, 1, 0, 3, 0, 0, 1, 0, 6, 4, 4, 1, 5, 0, 0, 5, 7, 4, 0, 0, 1, 0, 7, 6, 5, 7, 0, 3, 0, 0, 0, 1, 7, 0, 7, 0, 7, 0, 0, 0, 3, 2, 6, 0, 0, 0, 0, 2, 0, 0, 0, 0, 3, 0, 0, 4, 4, 4, 0, 0, 5, 0, 1, 5, 2, 5, 1, 7, 0, 0, 7, 2, 5, 7, 3, 5, 1, 1, 6, 1, 3, 1, 0, 3, 0, 3, 4, 5, 2, 6, 3, 3, 4, 0, 0, 6, 6, 7, 6, 3, 5, 0, 0, 1, 0, 0, 4, 0, 0, 0, 0, 1, 0, 1, 0, 0, 0, 1, 0, 4, 6, 2, 7, 4, 0, 5, 5, 3, 6, 5, 4, 5, 6, 0, 2, 6, 1, 4, 7, 3, 2, 5, 7, 3, 3, 2, 6, 1, 0, 4, 6, 2, 3, 3, 6, 0, 0, 0, 2, 6, 6, 5, 6, 5, 0, 0, 0, 0, 3, 0, 1, 0, 0, 6, 0, 0, 2, 0, 1, 0, 0, 2, 3, 2, 7, 4, 7, 3, 6, 6, 4, 1, 3, 1, 2, 4, 0, 0, 4, 1, 7, 5, 3, 6, 0, 0, 0, 4, 6, 7, 2, 4, 5, 0, 5, 7, 1, 7, 6, 3, 6, 3, 1, 0, 1, 3, 1, 6, 0, 0, 0, 0, 2, 0, 1, 0, 0, 0, 0, 0, 2, 0, 0, 1, 0, 0, 1, 3, 2, 4, 5, 0, 0, 0, 6, 4, 4, 6, 4, 2, 4, 0, 0, 6, 6, 4, 1, 1, 0, 6, 4, 1, 1, 1, 3, 3, 0, 1, 3, 4, 1, 6, 6, 3, 1, 0, 7, 1, 6, 3, 2, 0, 1, 0, 0, 6, 0, 0, 5, 0, 0, 0, 0, 1, 2, 1, 0, 0, 0, 0, 4, 3, 3, 3, 1, 0, 3, 5, 7, 4, 2, 1, 4, 3, 0, 0, 4, 5, 2, 3, 5, 0, 0, 7, 3, 4, 3, 5, 6, 3, 0, 3, 4, 1, 6, 2, 2, 6, 7, 0, 2, 7, 2, 1, 7, 5, 0, 0, 0, 1, 0, 6, 0, 0, 0, 0, 1, 5, 0, 2, 4, 0, 0, 5, 3, 3, 4, 4, 1, 0, 0, 0, 1, 2, 4, 0, 5, 5, 0, 0, 0, 3, 0, 2, 1, 3, 7, 1, 5, 5, 4, 1, 7, 1, 4, 6, 4, 2, 1, 4, 4, 2, 1, 0, 2, 3, 6, 6, 1, 0, 0, 0, 0, 0, 5, 3, 0, 0, 0, 0, 0, 4, 0, 2, 5, 0, 0, 0, 2, 1, 4, 1, 0, 7, 0, 7, 0, 5, 1, 2, 6, 5, 5, 2, 0, 7, 0, 0, 1, 1, 6, 6, 5, 3, 0, 0, 0, 1, 0, 0, 4, 6, 1, 5, 6, 2, 0, 0, 0, 3, 3, 2, 1, 0, 0, 0, 0, 6, 0, 4, 0, 0, 0],
      "Border Texture": [2, 1, 3, 1, 6, 2, 3, 6, 2, 4, 4, 4, 7, 4, 7, 3, 2, 5, 5, 2, 6, 7, 2, 1, 3, 4, 2, 6, 4, 6, 3, 3, 3, 6, 6, 6, 3, 5, 3, 4, 5, 1, 3, 5, 2, 4, 4, 3, 1, 1, 4, 3, 3, 5, 4, 4, 4, 4, 2, 6, 6, 7, 4, 2, 0, 0, 0, 0, 0, 0, 0, 0, 0, 0, 0, 0, 0, 0, 0, 0, 0, 0, 0, 0, 0, 0, 0, 0, 0, 0, 0, 0, 0, 0, 0, 0, 0, 0, 0, 0, 0, 0, 0, 0, 0, 0, 0, 0, 0, 0, 0, 0, 0, 0, 0, 0, 0, 0, 0, 0, 0, 0, 0, 0, 0, 0, 0, 0, 0, 0, 0, 0, 0, 0, 0, 0, 0, 0, 0, 0, 0, 0, 0, 0, 0, 0, 0, 0, 0, 0, 0, 0, 0, 0, 0, 0, 0, 0, 0, 0, 0, 0, 0, 0, 0, 0, 0, 0, 0, 0, 0, 0, 0, 0, 0, 0, 0, 0, 0, 0, 0, 0, 0, 0, 0, 0, 0, 0, 0, 0, 0, 0, 0, 0, 0, 0, 0, 0, 0, 0, 0, 0, 0, 0, 0, 0, 0, 0, 0, 0, 0, 0, 0, 0, 0, 0, 0, 0, 0, 0, 0, 0, 0, 0, 0, 0, 0, 0, 0, 0, 0, 0, 0, 0, 0, 0, 0, 0, 0, 0, 0, 0, 0, 0, 0, 0, 0, 0, 0, 0, 0, 0, 0, 0, 0, 0, 0, 0, 0, 0, 0, 0, 0, 0, 0, 0, 0, 0, 0, 0, 0, 0, 0, 0, 0, 0, 0, 0, 0, 0, 0, 0, 0, 0, 0, 0, 0, 0, 0, 0, 0, 0, 0, 0, 0, 0, 0, 0, 0, 0, 0, 0, 0, 0, 0, 0, 0, 0, 0, 0, 0, 0, 0, 0, 0, 0, 0, 0, 0, 0, 0, 0, 0, 0, 0, 0, 0, 0, 0, 0, 0, 0, 0, 0, 0, 0, 0, 0, 0, 0, 0, 0, 0, 0, 0, 0, 0, 0, 0, 0, 0, 0, 0, 0, 0, 0, 0, 0, 0, 0, 0, 0, 0, 0, 0, 0, 0, 0, 0, 0, 0, 0, 0, 0, 0, 0, 0, 0, 0, 0, 0, 0, 0, 0, 0, 0, 0, 0, 0, 0, 0, 0, 0, 0, 0, 0, 0, 0, 0, 0, 0, 0, 0, 0, 0, 0, 0, 0, 0, 0, 0, 0, 0, 0, 0, 0, 0, 0, 0, 0, 0, 0, 0, 0, 0, 0, 0, 0, 0, 0, 0, 0, 0, 0, 0, 0, 0, 0, 0, 0, 0, 0, 0, 0, 0, 0, 0, 0, 0, 0, 0, 0, 0, 0, 0, 0, 0, 0, 0, 0, 0, 0, 0, 0, 0, 0, 0, 0, 0, 0, 0, 0, 0, 0, 0, 0, 0, 0, 0, 0, 0, 0, 0, 0, 0, 0, 0, 0, 0, 0, 0, 0, 0, 0, 0, 0, 0, 0, 0, 0, 0, 0, 0, 0, 0, 0, 0, 0, 0, 0, 0, 0]
    },
    {
      "Name": "Solar Cell",
      "Solid": true,
      "Mass": 3.800000,
      "Threshold Energy": 300000.000000,
      "Reaction Energy": 1000.000000,